2021 super output area - lower layer,mnemonic,Total,%,Aged 4 years and under,%,Aged 5 to 9 years,%,Aged 10 to 14 years,%,Aged 15 to 19 years,%,Aged 20 to 24 years,%,Aged 25 to 29 years,%,Aged 30 to 34 years,%,Aged 35 to 39 years,%,Aged 40 to 44 years,%,Aged 45 to 49 years,%,Aged 50 to 54 years,%,Aged 55 to 59 years,%,Aged 60 to 64 years,%,Aged 65 to 69 years,%,Aged 70 to 74 years,%,Aged 75 to 79 years,%,Aged 80 to 84 years,%,Aged 85 years and over,%
Newcastle upon Tyne 002A,E01008309,1786,100,88,4.9,91,5.1,116,6.5,81,4.5,56,3.1,62,3.5,87,4.9,108,6,114,6.4,96,5.4,104,5.8,132,7.4,113,6.3,133,7.4,125,7,93,5.2,71,4,116,6.5
Newcastle upon Tyne 002C,E01008352,1440,100,63,4.4,85,5.9,119,8.3,75,5.2,68,4.7,106,7.4,91,6.3,114,7.9,100,6.9,98,6.8,95,6.6,103,7.2,80,5.6,61,4.2,58,4,43,3,35,2.4,46,3.2
Newcastle upon Tyne 002D,E01008357,1525,100,64,4.2,82,5.4,78,5.1,52,3.4,50,3.3,56,3.7,61,4,70,4.6,80,5.2,69,4.5,102,6.7,113,7.4,128,8.4,160,10.5,144,9.4,92,6,57,3.7,67,4.4
Newcastle upon Tyne 002E,E01008358,1707,100,68,4,63,3.7,75,4.4,52,3,134,7.9,263,15.4,155,9.1,135,7.9,108,6.3,91,5.3,69,4,87,5.1,89,5.2,76,4.5,96,5.6,64,3.7,44,2.6,38,2.2
Newcastle upon Tyne 002F,E01033550,2054,100,98,4.8,172,8.4,213,10.4,162,7.9,73,3.6,68,3.3,88,4.3,108,5.3,182,8.9,215,10.5,211,10.3,145,7.1,107,5.2,74,3.6,54,2.6,37,1.8,31,1.5,16,0.8
Newcastle upon Tyne 002G,E01033551,1829,100,90,4.9,94,5.1,101,5.5,75,4.1,56,3.1,82,4.5,123,6.7,114,6.2,118,6.5,105,5.7,129,7.1,121,6.6,135,7.4,126,6.9,115,6.3,109,6,65,3.6,71,3.9
Newcastle upon Tyne 003A,E01008336,1328,100,59,4.4,71,5.3,95,7.2,58,4.4,91,6.9,90,6.8,89,6.7,78,5.9,80,6,89,6.7,100,7.5,94,7.1,88,6.6,66,5,60,4.5,45,3.4,38,2.9,37,2.8
Newcastle upon Tyne 003B,E01008337,1304,100,57,4.4,83,6.4,118,9,80,6.1,76,5.8,61,4.7,58,4.4,84,6.4,86,6.6,76,5.8,73,5.6,102,7.8,96,7.4,75,5.8,62,4.8,38,2.9,41,3.1,38,2.9
Newcastle upon Tyne 003C,E01008338,1128,100,54,4.8,78,6.9,63,5.6,78,6.9,63,5.6,78,6.9,73,6.5,75,6.6,72,6.4,67,5.9,81,7.2,89,7.9,79,7,62,5.5,49,4.3,34,3,20,1.8,13,1.2
Newcastle upon Tyne 003D,E01008339,1842,100,104,5.6,118,6.4,123,6.7,123,6.7,175,9.5,120,6.5,189,10.3,137,7.4,109,5.9,96,5.2,100,5.4,129,7,96,5.2,84,4.6,49,2.7,36,2,27,1.5,27,1.5
Newcastle upon Tyne 003E,E01008340,1751,100,102,5.8,125,7.1,154,8.8,142,8.1,89,5.1,123,7,131,7.5,117,6.7,103,5.9,165,9.4,91,5.2,99,5.7,89,5.1,73,4.2,42,2.4,29,1.7,32,1.8,45,2.6
Newcastle upon Tyne 003F,E01008341,1412,100,75,5.3,72,5.1,92,6.5,72,5.1,78,5.5,102,7.2,95,6.7,75,5.3,78,5.5,75,5.3,104,7.4,95,6.7,137,9.7,61,4.3,64,4.5,57,4,27,1.9,53,3.8
Newcastle upon Tyne 003G,E01008342,1330,100,42,3.2,48,3.6,53,4,42,3.2,63,4.7,75,5.6,75,5.6,62,4.7,74,5.6,68,5.1,90,6.8,109,8.2,124,9.3,100,7.5,114,8.6,68,5.1,60,4.5,63,4.7
Newcastle upon Tyne 004A,E01008293,1376,100,66,4.8,53,3.9,60,4.4,62,4.5,80,5.8,102,7.4,98,7.1,77,5.6,83,6,76,5.5,95,6.9,95,6.9,124,9,120,8.7,93,6.8,43,3.1,28,2,21,1.5
Newcastle upon Tyne 004B,E01008456,1521,100,96,6.3,116,7.6,103,6.8,99,6.5,93,6.1,117,7.7,90,5.9,103,6.8,80,5.3,91,6,95,6.2,113,7.4,109,7.2,58,3.8,40,2.6,33,2.2,48,3.2,37,2.4
Newcastle upon Tyne 004C,E01008457,1588,100,104,6.5,96,6,91,5.7,74,4.7,69,4.3,100,6.3,103,6.5,97,6.1,82,5.2,89,5.6,109,6.9,109,6.9,152,9.6,90,5.7,71,4.5,44,2.8,41,2.6,67,4.2
Newcastle upon Tyne 004D,E01008458,2133,100,110,5.2,115,5.4,96,4.5,90,4.2,78,3.7,158,7.4,139,6.5,142,6.7,149,7,129,6,149,7,171,8,151,7.1,98,4.6,130,6.1,88,4.1,61,2.9,79,3.7
Newcastle upon Tyne 004E,E01008459,1870,100,156,8.3,215,11.5,137,7.3,121,6.5,109,5.8,133,7.1,144,7.7,169,9,88,4.7,109,5.8,108,5.8,98,5.2,73,3.9,62,3.3,47,2.5,30,1.6,34,1.8,37,2
Newcastle upon Tyne 004F,E01008460,1402,100,84,6,103,7.3,85,6.1,81,5.8,92,6.6,78,5.6,117,8.3,76,5.4,66,4.7,71,5.1,97,6.9,114,8.1,90,6.4,75,5.3,58,4.1,50,3.6,34,2.4,31,2.2
Newcastle upon Tyne 005A,E01008351,1393,100,80,5.7,77,5.5,57,4.1,55,3.9,50,3.6,75,5.4,97,7,101,7.3,98,7,90,6.5,81,5.8,93,6.7,97,7,83,6,91,6.5,61,4.4,56,4,51,3.7
Newcastle upon Tyne 005B,E01008354,1621,100,83,5.1,104,6.4,109,6.7,71,4.4,75,4.6,147,9.1,117,7.2,144,8.9,126,7.8,93,5.7,119,7.3,131,8.1,68,4.2,84,5.2,53,3.3,36,2.2,31,1.9,30,1.9
Newcastle upon Tyne 005C,E01008418,1958,100,101,5.2,106,5.4,98,5,86,4.4,84,4.3,107,5.5,114,5.8,109,5.6,120,6.1,139,7.1,136,6.9,134,6.8,133,6.8,126,6.4,145,7.4,76,3.9,52,2.7,92,4.7
Newcastle upon Tyne 005D,E01008420,1306,100,66,5.1,61,4.7,72,5.5,77,5.9,76,5.8,52,4,55,4.2,64,4.9,68,5.2,86,6.6,93,7.1,108,8.3,100,7.7,90,6.9,71,5.4,51,3.9,47,3.6,69,5.3
Newcastle upon Tyne 005E,E01008422,1561,100,96,6.1,72,4.6,67,4.3,69,4.4,222,14.2,106,6.8,120,7.7,95,6.1,81,5.2,92,5.9,94,6,81,5.2,76,4.9,93,6,64,4.1,49,3.1,30,1.9,54,3.5
Newcastle upon Tyne 005F,E01008424,1502,100,83,5.5,54,3.6,40,2.7,145,9.7,154,10.3,214,14.2,195,13,138,9.2,70,4.7,53,3.5,80,5.3,47,3.1,49,3.3,52,3.5,44,2.9,33,2.2,19,1.3,32,2.1
Newcastle upon Tyne 006A,E01008353,1526,100,90,5.9,104,6.8,80,5.2,68,4.5,79,5.2,95,6.2,110,7.2,110,7.2,111,7.3,90,5.9,103,6.7,107,7,78,5.1,95,6.2,64,4.2,49,3.2,42,2.8,51,3.3
Newcastle upon Tyne 006B,E01008355,1534,100,79,5.1,97,6.3,68,4.4,61,4,56,3.7,110,7.2,123,8,126,8.2,135,8.8,94,6.1,83,5.4,98,6.4,72,4.7,86,5.6,82,5.3,59,3.8,37,2.4,68,4.4
Newcastle upon Tyne 006C,E01008356,1325,100,69,5.2,68,5.1,63,4.8,63,4.8,55,4.2,73,5.5,64,4.8,101,7.6,99,7.5,100,7.5,79,6,125,9.4,90,6.8,77,5.8,88,6.6,44,3.3,35,2.6,32,2.4
Newcastle upon Tyne 006D,E01008378,1422,100,86,6,108,7.6,105,7.4,82,5.8,39,2.7,64,4.5,72,5.1,90,6.3,111,7.8,89,6.3,86,6,97,6.8,95,6.7,82,5.8,83,5.8,62,4.4,36,2.5,35,2.5
Newcastle upon Tyne 006E,E01008419,1427,100,57,4,78,5.5,85,6,82,5.7,79,5.5,111,7.8,87,6.1,92,6.4,94,6.6,94,6.6,121,8.5,117,8.2,90,6.3,69,4.8,56,3.9,46,3.2,30,2.1,39,2.7
Newcastle upon Tyne 006F,E01008421,1514,100,88,5.8,103,6.8,78,5.2,85,5.6,89,5.9,112,7.4,112,7.4,103,6.8,108,7.1,101,6.7,115,7.6,89,5.9,79,5.2,72,4.8,71,4.7,42,2.8,35,2.3,32,2.1
Newcastle upon Tyne 006G,E01008423,1304,100,53,4.1,59,4.5,95,7.3,80,6.1,52,4,33,2.5,29,2.2,55,4.2,71,5.4,86,6.6,119,9.1,113,8.7,102,7.8,77,5.9,93,7.1,74,5.7,51,3.9,62,4.8
Newcastle upon Tyne 007A,E01008317,1408,100,78,5.5,97,6.9,94,6.7,87,6.2,56,4,52,3.7,61,4.3,99,7,100,7.1,112,8,100,7.1,108,7.7,111,7.9,82,5.8,53,3.8,37,2.6,31,2.2,50,3.6
Newcastle upon Tyne 007B,E01008319,1794,100,69,3.8,101,5.6,128,7.1,127,7.1,82,4.6,56,3.1,69,3.8,116,6.5,110,6.1,144,8,166,9.3,163,9.1,151,8.4,101,5.6,97,5.4,63,3.5,26,1.4,25,1.4
Newcastle upon Tyne 007C,E01008320,1585,100,75,4.7,109,6.9,85,5.4,85,5.4,64,4,84,5.3,118,7.4,130,8.2,111,7,102,6.4,92,5.8,110,6.9,109,6.9,99,6.2,87,5.5,48,3,34,2.1,43,2.7
Newcastle upon Tyne 007D,E01008321,1707,100,82,4.8,83,4.9,85,5,82,4.8,59,3.5,99,5.8,130,7.6,128,7.5,123,7.2,89,5.2,93,5.4,115,6.7,139,8.1,105,6.2,114,6.7,49,2.9,58,3.4,74,4.3
Newcastle upon Tyne 007E,E01008322,1543,100,106,6.9,89,5.8,100,6.5,87,5.6,63,4.1,67,4.3,113,7.3,121,7.8,112,7.3,105,6.8,119,7.7,100,6.5,103,6.7,82,5.3,79,5.1,32,2.1,24,1.6,41,2.7
Newcastle upon Tyne 007F,E01008323,1658,100,111,6.7,99,6,72,4.3,59,3.6,96,5.8,187,11.3,193,11.6,176,10.6,118,7.1,89,5.4,83,5,76,4.6,78,4.7,76,4.6,64,3.9,31,1.9,20,1.2,30,1.8
Newcastle upon Tyne 008A,E01008295,1794,100,108,6,158,8.8,183,10.2,134,7.5,151,8.4,149,8.3,118,6.6,109,6.1,108,6,101,5.6,138,7.7,96,5.4,56,3.1,54,3,59,3.3,29,1.6,21,1.2,22,1.2
Newcastle upon Tyne 008B,E01008374,1498,100,76,5.1,89,5.9,108,7.2,67,4.5,69,4.6,78,5.2,123,8.2,123,8.2,87,5.8,93,6.2,103,6.9,106,7.1,95,6.3,92,6.1,70,4.7,43,2.9,40,2.7,36,2.4
Newcastle upon Tyne 008C,E01008375,1457,100,64,4.4,100,6.9,97,6.7,75,5.1,66,4.5,90,6.2,109,7.5,89,6.1,130,8.9,90,6.2,100,6.9,106,7.3,109,7.5,86,5.9,69,4.7,32,2.2,25,1.7,20,1.4
Newcastle upon Tyne 008D,E01008376,1163,100,65,5.6,65,5.6,72,6.2,54,4.6,48,4.1,61,5.2,82,7.1,80,6.9,77,6.6,77,6.6,97,8.3,86,7.4,71,6.1,84,7.2,62,5.3,38,3.3,27,2.3,17,1.5
Newcastle upon Tyne 008E,E01008377,2300,100,150,6.5,239,10.4,186,8.1,156,6.8,159,6.9,139,6,193,8.4,230,10,152,6.6,155,6.7,130,5.7,112,4.9,82,3.6,58,2.5,55,2.4,30,1.3,24,1,50,2.2
Newcastle upon Tyne 008F,E01008379,1685,100,84,5,110,6.5,118,7,101,6,60,3.6,76,4.5,102,6.1,112,6.6,94,5.6,90,5.3,89,5.3,132,7.8,98,5.8,109,6.5,91,5.4,87,5.2,64,3.8,68,4
Newcastle upon Tyne 008G,E01008380,1900,100,181,9.5,187,9.8,173,9.1,123,6.5,94,4.9,138,7.3,153,8.1,146,7.7,114,6,103,5.4,125,6.6,108,5.7,103,5.4,53,2.8,55,2.9,22,1.2,11,0.6,11,0.6
Newcastle upon Tyne 011A,E01008296,1339,100,67,5,54,4,56,4.2,55,4.1,65,4.9,89,6.6,61,4.6,79,5.9,69,5.2,63,4.7,88,6.6,105,7.8,118,8.8,105,7.8,113,8.4,80,6,37,2.8,35,2.6
Newcastle upon Tyne 011B,E01008297,1956,100,146,7.5,116,5.9,120,6.1,93,4.8,101,5.2,176,9,162,8.3,149,7.6,136,7,123,6.3,108,5.5,140,7.2,117,6,79,4,70,3.6,58,3,33,1.7,29,1.5
Newcastle upon Tyne 011C,E01008298,1942,100,182,9.4,127,6.5,108,5.6,64,3.3,118,6.1,174,9,212,10.9,148,7.6,90,4.6,129,6.6,109,5.6,100,5.1,112,5.8,85,4.4,66,3.4,43,2.2,38,2,37,1.9
Newcastle upon Tyne 011D,E01008299,1383,100,77,5.6,108,7.8,118,8.5,105,7.6,88,6.4,74,5.4,77,5.6,106,7.7,80,5.8,105,7.6,92,6.7,99,7.2,65,4.7,56,4,55,4,27,2,24,1.7,27,2
Newcastle upon Tyne 012A,E01008314,1083,100,56,5.2,43,4,50,4.6,60,5.5,56,5.2,71,6.6,106,9.8,82,7.6,84,7.8,62,5.7,60,5.5,88,8.1,76,7,39,3.6,45,4.2,34,3.1,36,3.3,35,3.2
Newcastle upon Tyne 012B,E01008315,1505,100,71,4.7,79,5.2,101,6.7,83,5.5,65,4.3,119,7.9,95,6.3,97,6.4,113,7.5,120,8,108,7.2,107,7.1,98,6.5,72,4.8,66,4.4,29,1.9,37,2.5,45,3
Newcastle upon Tyne 012C,E01008316,1503,100,67,4.5,67,4.5,77,5.1,62,4.1,66,4.4,109,7.3,135,9,103,6.9,96,6.4,82,5.5,120,8,109,7.3,111,7.4,83,5.5,72,4.8,68,4.5,40,2.7,36,2.4
Newcastle upon Tyne 012D,E01008318,1317,100,65,4.9,89,6.8,77,5.8,71,5.4,74,5.6,86,6.5,93,7.1,101,7.7,91,6.9,63,4.8,76,5.8,77,5.8,98,7.4,76,5.8,67,5.1,49,3.7,28,2.1,36,2.7
Newcastle upon Tyne 012E,E01008363,1582,100,47,3,48,3,37,2.3,51,3.2,129,8.2,182,11.5,147,9.3,118,7.5,85,5.4,77,4.9,89,5.6,100,6.3,82,5.2,84,5.3,108,6.8,82,5.2,61,3.9,55,3.5
Newcastle upon Tyne 012F,E01008365,1586,100,68,4.3,85,5.4,115,7.3,97,6.1,151,9.5,78,4.9,80,5,89,5.6,104,6.6,117,7.4,121,7.6,112,7.1,110,6.9,108,6.8,68,4.3,37,2.3,26,1.6,20,1.3
Newcastle upon Tyne 013A,E01008366,2125,100,43,2,39,1.8,31,1.5,200,9.4,1200,56.5,103,4.8,79,3.7,56,2.6,52,2.4,38,1.8,48,2.3,46,2.2,43,2,49,2.3,46,2.2,25,1.2,15,0.7,12,0.6
Newcastle upon Tyne 013B,E01008369,2005,100,24,1.2,32,1.6,24,1.2,144,7.2,1126,56.2,151,7.5,59,2.9,57,2.8,50,2.5,39,1.9,56,2.8,61,3,54,2.7,41,2,42,2.1,24,1.2,16,0.8,5,0.2
Newcastle upon Tyne 013C,E01008371,1411,100,38,2.7,67,4.7,66,4.7,68,4.8,86,6.1,77,5.5,48,3.4,73,5.2,77,5.5,66,4.7,85,6,115,8.2,157,11.1,89,6.3,119,8.4,66,4.7,56,4,58,4.1
Newcastle upon Tyne 013D,E01008372,1803,100,16,0.9,10,0.6,20,1.1,135,7.5,1034,57.3,162,9,74,4.1,39,2.2,41,2.3,33,1.8,30,1.7,50,2.8,34,1.9,35,1.9,31,1.7,23,1.3,16,0.9,20,1.1
Newcastle upon Tyne 013E,E01008373,2164,100,12,0.6,11,0.5,4,0.2,205,9.5,1537,71,160,7.4,47,2.2,39,1.8,19,0.9,10,0.5,18,0.8,23,1.1,31,1.4,16,0.7,13,0.6,8,0.4,5,0.2,6,0.3
Newcastle upon Tyne 014A,E01008400,1736,100,92,5.3,106,6.1,100,5.8,95,5.5,83,4.8,118,6.8,121,7,115,6.6,124,7.1,84,4.8,124,7.1,114,6.6,104,6,75,4.3,114,6.6,64,3.7,55,3.2,48,2.8
Newcastle upon Tyne 014B,E01008401,1504,100,68,4.5,95,6.3,112,7.4,117,7.8,66,4.4,70,4.7,83,5.5,109,7.2,69,4.6,93,6.2,116,7.7,84,5.6,69,4.6,67,4.5,113,7.5,67,4.5,52,3.5,54,3.6
Newcastle upon Tyne 014C,E01008402,1429,100,69,4.8,86,6,88,6.2,83,5.8,57,4,89,6.2,99,6.9,75,5.2,68,4.8,96,6.7,105,7.3,106,7.4,104,7.3,73,5.1,98,6.9,61,4.3,37,2.6,35,2.4
Newcastle upon Tyne 014D,E01008403,1582,100,79,5,66,4.2,64,4,70,4.4,68,4.3,101,6.4,102,6.4,98,6.2,87,5.5,81,5.1,103,6.5,111,7,126,8,82,5.2,98,6.2,77,4.9,85,5.4,84,5.3
Newcastle upon Tyne 014E,E01008404,1551,100,72,4.6,94,6.1,57,3.7,53,3.4,125,8.1,119,7.7,102,6.6,114,7.4,127,8.2,108,7,95,6.1,144,9.3,113,7.3,79,5.1,72,4.6,37,2.4,20,1.3,20,1.3
Newcastle upon Tyne 014F,E01008405,1557,100,166,10.7,83,5.3,97,6.2,79,5.1,65,4.2,150,9.6,77,4.9,104,6.7,82,5.3,88,5.7,119,7.6,141,9.1,75,4.8,66,4.2,70,4.5,37,2.4,28,1.8,30,1.9
Newcastle upon Tyne 014G,E01008443,1386,100,45,3.2,68,4.9,50,3.6,73,5.3,72,5.2,58,4.2,64,4.6,57,4.1,65,4.7,77,5.6,117,8.4,149,10.8,141,10.2,82,5.9,93,6.7,53,3.8,71,5.1,51,3.7
Newcastle upon Tyne 015A,E01008324,1257,100,67,5.3,104,8.3,102,8.1,83,6.6,67,5.3,58,4.6,95,7.6,80,6.4,60,4.8,51,4.1,65,5.2,114,9.1,85,6.8,53,4.2,51,4.1,32,2.5,48,3.8,42,3.3
Newcastle upon Tyne 015B,E01008325,1489,100,92,6.2,112,7.5,105,7.1,148,9.9,72,4.8,71,4.8,72,4.8,131,8.8,62,4.2,82,5.5,79,5.3,78,5.2,76,5.1,48,3.2,88,5.9,70,4.7,56,3.8,47,3.2
Newcastle upon Tyne 015C,E01008326,1395,100,84,6,80,5.7,81,5.8,54,3.9,63,4.5,76,5.4,72,5.2,92,6.6,84,6,81,5.8,109,7.8,130,9.3,117,8.4,66,4.7,56,4,48,3.4,40,2.9,62,4.4
Newcastle upon Tyne 015D,E01008327,1236,100,70,5.7,106,8.6,103,8.3,69,5.6,72,5.8,93,7.5,112,9.1,74,6,65,5.3,51,4.1,58,4.7,94,7.6,60,4.9,45,3.6,37,3,36,2.9,58,4.7,33,2.7
Newcastle upon Tyne 015E,E01008328,1210,100,48,4,53,4.4,52,4.3,49,4,40,3.3,63,5.2,49,4,51,4.2,69,5.7,52,4.3,80,6.6,87,7.2,80,6.6,105,8.7,94,7.8,65,5.4,75,6.2,98,8.1
Newcastle upon Tyne 015F,E01008329,1457,100,90,6.2,91,6.2,86,5.9,76,5.2,76,5.2,98,6.7,89,6.1,104,7.1,76,5.2,82,5.6,110,7.5,121,8.3,94,6.5,79,5.4,67,4.6,46,3.2,33,2.3,39,2.7
Newcastle upon Tyne 015G,E01008330,1432,100,124,8.7,84,5.9,96,6.7,81,5.7,80,5.6,111,7.8,123,8.6,101,7.1,80,5.6,77,5.4,76,5.3,113,7.9,88,6.1,58,4.1,55,3.8,38,2.7,21,1.5,26,1.8
Newcastle upon Tyne 016A,E01008300,2053,100,145,7.1,153,7.5,171,8.3,110,5.4,104,5.1,176,8.6,171,8.3,151,7.4,151,7.4,132,6.4,123,6,105,5.1,96,4.7,76,3.7,65,3.2,51,2.5,38,1.9,35,1.7
Newcastle upon Tyne 016B,E01008450,1763,100,129,7.3,185,10.5,156,8.8,144,8.2,95,5.4,99,5.6,116,6.6,149,8.5,135,7.7,123,7,109,6.2,83,4.7,69,3.9,42,2.4,47,2.7,26,1.5,29,1.6,27,1.5
Newcastle upon Tyne 016C,E01008451,1890,100,151,8,117,6.2,142,7.5,83,4.4,122,6.5,154,8.1,164,8.7,194,10.3,130,6.9,133,7,88,4.7,98,5.2,89,4.7,67,3.5,51,2.7,42,2.2,37,2,28,1.5
Newcastle upon Tyne 016D,E01008452,1459,100,68,4.7,75,5.1,111,7.6,87,6,100,6.9,95,6.5,96,6.6,109,7.5,69,4.7,96,6.6,108,7.4,92,6.3,99,6.8,84,5.8,45,3.1,52,3.6,46,3.2,27,1.9
Newcastle upon Tyne 017A,E01008367,2145,100,24,1.1,23,1.1,34,1.6,215,10,1043,48.6,236,11,78,3.6,97,4.5,54,2.5,44,2.1,54,2.5,49,2.3,48,2.2,42,2,49,2.3,34,1.6,14,0.7,7,0.3
Newcastle upon Tyne 017B,E01008368,1742,100,25,1.4,32,1.8,28,1.6,161,9.2,1018,58.4,74,4.2,68,3.9,41,2.4,30,1.7,37,2.1,39,2.2,42,2.4,26,1.5,40,2.3,39,2.2,28,1.6,8,0.5,6,0.3
Newcastle upon Tyne 017C,E01008370,1864,100,28,1.5,27,1.4,24,1.3,126,6.8,572,30.7,181,9.7,101,5.4,72,3.9,77,4.1,55,3,68,3.6,75,4,68,3.6,73,3.9,76,4.1,72,3.9,58,3.1,111,6
Newcastle upon Tyne 017D,E01008409,1530,100,46,3,29,1.9,23,1.5,69,4.5,506,33.1,182,11.9,104,6.8,91,5.9,55,3.6,66,4.3,62,4.1,66,4.3,51,3.3,38,2.5,48,3.1,30,2,26,1.7,38,2.5
Newcastle upon Tyne 017E,E01008411,1699,100,19,1.1,24,1.4,44,2.6,96,5.7,870,51.2,191,11.2,115,6.8,42,2.5,39,2.3,32,1.9,36,2.1,34,2,31,1.8,38,2.2,29,1.7,20,1.2,23,1.4,16,0.9
Newcastle upon Tyne 018A,E01008303,1745,100,58,3.3,60,3.4,73,4.2,70,4,198,11.3,208,11.9,128,7.3,121,6.9,93,5.3,92,5.3,103,5.9,119,6.8,88,5,87,5,91,5.2,55,3.2,49,2.8,52,3
Newcastle upon Tyne 018B,E01008359,1410,100,48,3.4,41,2.9,33,2.3,46,3.3,434,30.8,216,15.3,165,11.7,89,6.3,69,4.9,52,3.7,46,3.3,42,3,52,3.7,23,1.6,14,1,13,0.9,17,1.2,10,0.7
Newcastle upon Tyne 018C,E01008360,1526,100,54,3.5,40,2.6,22,1.4,42,2.8,303,19.9,361,23.7,240,15.7,128,8.4,83,5.4,54,3.5,45,2.9,38,2.5,28,1.8,24,1.6,23,1.5,18,1.2,14,0.9,9,0.6
Newcastle upon Tyne 018D,E01008361,1504,100,67,4.5,34,2.3,37,2.5,58,3.9,369,24.5,310,20.6,177,11.8,104,6.9,62,4.1,49,3.3,63,4.2,53,3.5,43,2.9,25,1.7,22,1.5,16,1.1,3,0.2,12,0.8
Newcastle upon Tyne 018E,E01008362,1533,100,38,2.5,29,1.9,27,1.8,61,4,529,34.5,287,18.7,145,9.5,83,5.4,50,3.3,55,3.6,59,3.8,47,3.1,26,1.7,24,1.6,31,2,21,1.4,9,0.6,12,0.8
Newcastle upon Tyne 018F,E01008364,1455,100,34,2.3,43,3,36,2.5,55,3.8,285,19.6,272,18.7,193,13.3,127,8.7,63,4.3,76,5.2,63,4.3,49,3.4,45,3.1,33,2.3,27,1.9,18,1.2,13,0.9,23,1.6
Newcastle upon Tyne 019A,E01008343,1643,100,89,5.4,139,8.5,134,8.2,86,5.2,74,4.5,101,6.1,122,7.4,104,6.3,107,6.5,109,6.6,95,5.8,113,6.9,96,5.8,81,4.9,56,3.4,58,3.5,49,3,30,1.8
Newcastle upon Tyne 019B,E01008344,1493,100,72,4.8,64,4.3,92,6.2,77,5.2,83,5.6,110,7.4,85,5.7,94,6.3,80,5.4,102,6.8,108,7.2,115,7.7,102,6.8,87,5.8,78,5.2,54,3.6,41,2.7,49,3.3
Newcastle upon Tyne 019C,E01008345,1564,100,98,6.3,77,4.9,75,4.8,61,3.9,119,7.6,124,7.9,126,8.1,95,6.1,76,4.9,82,5.2,107,6.8,117,7.5,100,6.4,88,5.6,90,5.8,65,4.2,29,1.9,35,2.2
Newcastle upon Tyne 019D,E01008346,1047,100,60,5.7,54,5.2,61,5.8,74,7.1,67,6.4,103,9.8,68,6.5,65,6.2,73,7,65,6.2,69,6.6,74,7.1,71,6.8,50,4.8,33,3.2,23,2.2,16,1.5,21,2
Newcastle upon Tyne 019E,E01008347,1485,100,77,5.2,108,7.3,82,5.5,85,5.7,107,7.2,72,4.8,85,5.7,97,6.5,85,5.7,101,6.8,111,7.5,103,6.9,94,6.3,80,5.4,69,4.6,42,2.8,38,2.6,49,3.3
Newcastle upon Tyne 019F,E01008348,1199,100,84,7,86,7.2,117,9.8,100,8.3,60,5,62,5.2,85,7.1,91,7.6,76,6.3,77,6.4,69,5.8,88,7.3,58,4.8,41,3.4,41,3.4,26,2.2,15,1.3,23,1.9
Newcastle upon Tyne 019G,E01008349,1749,100,142,8.1,164,9.4,177,10.1,131,7.5,122,7,134,7.7,137,7.8,134,7.7,130,7.4,105,6,99,5.7,74,4.2,57,3.3,46,2.6,35,2,27,1.5,16,0.9,19,1.1
Newcastle upon Tyne 019H,E01008350,1632,100,96,5.9,99,6.1,94,5.8,84,5.1,84,5.1,132,8.1,145,8.9,124,7.6,95,5.8,97,5.9,111,6.8,148,9.1,102,6.2,61,3.7,77,4.7,43,2.6,22,1.3,18,1.1
Newcastle upon Tyne 020A,E01008430,1265,100,56,4.4,55,4.3,75,5.9,74,5.8,64,5.1,82,6.5,112,8.9,68,5.4,55,4.3,82,6.5,90,7.1,135,10.7,105,8.3,79,6.2,60,4.7,32,2.5,23,1.8,18,1.4
Newcastle upon Tyne 020B,E01008431,1535,100,91,5.9,80,5.2,76,5,66,4.3,69,4.5,111,7.2,123,8,93,6.1,84,5.5,70,4.6,142,9.3,118,7.7,103,6.7,103,6.7,85,5.5,53,3.5,40,2.6,28,1.8
Newcastle upon Tyne 020C,E01008433,1372,100,52,3.8,54,3.9,55,4,53,3.9,65,4.7,67,4.9,57,4.2,73,5.3,74,5.4,71,5.2,87,6.3,128,9.3,107,7.8,110,8,110,8,84,6.1,63,4.6,62,4.5
Newcastle upon Tyne 020D,E01008434,1416,100,49,3.5,59,4.2,83,5.9,84,5.9,69,4.9,58,4.1,72,5.1,76,5.4,76,5.4,94,6.6,89,6.3,141,10,118,8.3,99,7,83,5.9,73,5.2,49,3.5,44,3.1
Newcastle upon Tyne 020E,E01008435,1585,100,122,7.7,106,6.7,117,7.4,79,5,124,7.8,96,6.1,104,6.6,97,6.1,86,5.4,84,5.3,115,7.3,126,7.9,95,6,79,5,63,4,35,2.2,33,2.1,24,1.5
Newcastle upon Tyne 020F,E01008436,1571,100,86,5.5,81,5.2,114,7.3,64,4.1,80,5.1,131,8.3,190,12.1,105,6.7,85,5.4,69,4.4,96,6.1,101,6.4,95,6,69,4.4,77,4.9,28,1.8,67,4.3,33,2.1
Newcastle upon Tyne 021A,E01008381,1440,100,55,3.8,56,3.9,81,5.6,81,5.6,59,4.1,86,6,95,6.6,76,5.3,105,7.3,113,7.8,108,7.5,130,9,93,6.5,93,6.5,98,6.8,50,3.5,45,3.1,16,1.1
Newcastle upon Tyne 021B,E01008382,1261,100,45,3.6,99,7.9,129,10.2,100,7.9,54,4.3,76,6,69,5.5,83,6.6,82,6.5,79,6.3,67,5.3,82,6.5,85,6.7,50,4,72,5.7,48,3.8,15,1.2,26,2.1
Newcastle upon Tyne 021C,E01008383,1460,100,94,6.4,103,7.1,105,7.2,103,7.1,79,5.4,75,5.1,111,7.6,109,7.5,98,6.7,99,6.8,91,6.2,100,6.8,73,5,56,3.8,66,4.5,51,3.5,27,1.8,20,1.4
Newcastle upon Tyne 021D,E01008384,1360,100,71,5.2,79,5.8,81,6,78,5.7,84,6.2,70,5.1,77,5.7,94,6.9,70,5.1,94,6.9,82,6,98,7.2,94,6.9,80,5.9,71,5.2,70,5.1,38,2.8,29,2.1
Newcastle upon Tyne 021E,E01008385,1380,100,86,6.2,88,6.4,82,5.9,72,5.2,83,6,110,8,110,8,112,8.1,76,5.5,77,5.6,98,7.1,78,5.7,76,5.5,82,5.9,65,4.7,28,2,31,2.2,26,1.9
Newcastle upon Tyne 021F,E01008386,1286,100,64,5,70,5.4,68,5.3,70,5.4,57,4.4,62,4.8,84,6.5,82,6.4,64,5,64,5,88,6.8,101,7.9,99,7.7,77,6,81,6.3,69,5.4,45,3.5,41,3.2
Newcastle upon Tyne 021G,E01008387,1268,100,74,5.8,60,4.7,45,3.5,53,4.2,61,4.8,81,6.4,80,6.3,71,5.6,66,5.2,80,6.3,102,8,100,7.9,84,6.6,72,5.7,107,8.4,61,4.8,45,3.5,26,2.1
Newcastle upon Tyne 022B,E01008396,2331,100,166,7.1,147,6.3,110,4.7,512,22,425,18.2,169,7.3,167,7.2,195,8.4,106,4.5,75,3.2,67,2.9,52,2.2,81,3.5,23,1,14,0.6,11,0.5,3,0.1,8,0.3
Newcastle upon Tyne 022C,E01008398,1834,100,168,9.2,109,5.9,105,5.7,100,5.5,177,9.7,184,10,203,11.1,167,9.1,156,8.5,109,5.9,108,5.9,85,4.6,54,2.9,46,2.5,31,1.7,11,0.6,10,0.5,11,0.6
Newcastle upon Tyne 022D,E01008449,1872,100,158,8.4,123,6.6,124,6.6,102,5.4,263,14,273,14.6,197,10.5,178,9.5,140,7.5,103,5.5,54,2.9,63,3.4,39,2.1,16,0.9,18,1,9,0.5,5,0.3,7,0.4
Newcastle upon Tyne 022E,E01008453,1892,100,147,7.8,136,7.2,134,7.1,107,5.7,109,5.8,119,6.3,141,7.5,167,8.8,108,5.7,104,5.5,126,6.7,111,5.9,102,5.4,82,4.3,44,2.3,37,2,32,1.7,86,4.5
Newcastle upon Tyne 022G,E01008455,1737,100,123,7.1,170,9.8,142,8.2,126,7.3,193,11.1,155,8.9,148,8.5,140,8.1,122,7,104,6,77,4.4,58,3.3,48,2.8,60,3.5,23,1.3,16,0.9,9,0.5,23,1.3
Newcastle upon Tyne 022H,E01033556,2635,100,119,4.5,102,3.9,108,4.1,400,15.2,502,19.1,385,14.6,240,9.1,188,7.1,104,3.9,85,3.2,81,3.1,91,3.5,69,2.6,55,2.1,40,1.5,33,1.3,16,0.6,17,0.6
Newcastle upon Tyne 025B,E01008415,1280,100,74,5.8,92,7.2,101,7.9,87,6.8,61,4.8,97,7.6,88,6.9,72,5.6,68,5.3,85,6.6,73,5.7,75,5.9,124,9.7,60,4.7,60,4.7,24,1.9,23,1.8,16,1.2
Newcastle upon Tyne 025C,E01008416,1724,100,88,5.1,91,5.3,92,5.3,96,5.6,80,4.6,86,5,115,6.7,100,5.8,122,7.1,125,7.3,139,8.1,130,7.5,124,7.2,102,5.9,94,5.5,53,3.1,51,3,36,2.1
Newcastle upon Tyne 025E,E01033547,2684,100,189,7,217,8.1,203,7.6,124,4.6,121,4.5,190,7.1,291,10.8,226,8.4,158,5.9,118,4.4,136,5.1,150,5.6,147,5.5,128,4.8,106,3.9,67,2.5,49,1.8,64,2.4
Newcastle upon Tyne 027A,E01008288,1344,100,69,5.1,88,6.5,69,5.1,78,5.8,56,4.2,85,6.3,90,6.7,96,7.1,95,7.1,104,7.7,71,5.3,98,7.3,101,7.5,81,6,59,4.4,48,3.6,30,2.2,26,1.9
Newcastle upon Tyne 027B,E01008289,1742,100,117,6.7,151,8.7,138,7.9,110,6.3,97,5.6,101,5.8,91,5.2,100,5.7,105,6,82,4.7,92,5.3,101,5.8,94,5.4,91,5.2,87,5,57,3.3,51,2.9,77,4.4
Newcastle upon Tyne 027C,E01008290,1697,100,137,8.1,118,7,122,7.2,92,5.4,101,6,166,9.8,182,10.7,152,9,113,6.7,95,5.6,98,5.8,82,4.8,85,5,41,2.4,57,3.4,39,2.3,7,0.4,10,0.6
Newcastle upon Tyne 027D,E01008291,2098,100,185,8.8,195,9.3,203,9.7,165,7.9,150,7.1,134,6.4,151,7.2,161,7.7,159,7.6,140,6.7,104,5,79,3.8,76,3.6,57,2.7,53,2.5,42,2,18,0.9,26,1.2
Newcastle upon Tyne 027E,E01008292,1286,100,43,3.3,58,4.5,69,5.4,60,4.7,63,4.9,78,6.1,84,6.5,64,5,81,6.3,61,4.7,93,7.2,109,8.5,113,8.8,83,6.5,71,5.5,54,4.2,46,3.6,56,4.4
Newcastle upon Tyne 028A,E01008388,1818,100,145,8,132,7.3,126,6.9,122,6.7,148,8.1,161,8.9,123,6.8,116,6.4,90,5,103,5.7,128,7,103,5.7,93,5.1,71,3.9,61,3.4,38,2.1,27,1.5,31,1.7
Newcastle upon Tyne 028B,E01008389,1670,100,110,6.6,145,8.7,113,6.8,109,6.5,79,4.7,91,5.4,110,6.6,116,6.9,95,5.7,134,8,116,6.9,119,7.1,95,5.7,74,4.4,66,4,35,2.1,37,2.2,26,1.6
Newcastle upon Tyne 028C,E01008426,1580,100,87,5.5,120,7.6,151,9.6,120,7.6,94,5.9,82,5.2,87,5.5,112,7.1,109,6.9,121,7.7,97,6.1,120,7.6,80,5.1,65,4.1,61,3.9,39,2.5,24,1.5,11,0.7
Newcastle upon Tyne 028D,E01008429,1546,100,81,5.2,116,7.5,109,7.1,104,6.7,85,5.5,92,6,85,5.5,102,6.6,73,4.7,90,5.8,94,6.1,96,6.2,85,5.5,62,4,74,4.8,55,3.6,58,3.8,85,5.5
Newcastle upon Tyne 030A,E01008390,1969,100,195,9.9,225,11.4,143,7.3,103,5.2,98,5,148,7.5,137,7,162,8.2,134,6.8,112,5.7,122,6.2,98,5,89,4.5,71,3.6,57,2.9,33,1.7,22,1.1,20,1
Newcastle upon Tyne 030B,E01008425,1402,100,73,5.2,53,3.8,49,3.5,64,4.6,99,7.1,101,7.2,99,7.1,73,5.2,60,4.3,88,6.3,111,7.9,120,8.6,111,7.9,118,8.4,71,5.1,50,3.6,30,2.1,32,2.3
Newcastle upon Tyne 030C,E01008427,1333,100,94,7.1,101,7.6,84,6.3,64,4.8,87,6.5,102,7.7,109,8.2,105,7.9,77,5.8,61,4.6,99,7.4,113,8.5,73,5.5,50,3.8,40,3,40,3,19,1.4,15,1.1
Newcastle upon Tyne 030D,E01008428,1480,100,87,5.9,103,7,102,6.9,57,3.9,82,5.5,78,5.3,93,6.3,92,6.2,92,6.2,85,5.7,66,4.5,105,7.1,91,6.1,84,5.7,99,6.7,63,4.3,58,3.9,43,2.9
Newcastle upon Tyne 031A,E01008441,1815,100,130,7.2,110,6.1,87,4.8,72,4,121,6.7,153,8.4,149,8.2,127,7,66,3.6,90,5,115,6.3,119,6.6,124,6.8,98,5.4,96,5.3,77,4.2,45,2.5,36,2
Newcastle upon Tyne 031B,E01008442,1312,100,53,4,66,5,59,4.5,57,4.3,57,4.3,46,3.5,54,4.1,86,6.6,53,4,62,4.7,86,6.6,98,7.5,94,7.2,75,5.7,129,9.8,94,7.2,83,6.3,60,4.6
Newcastle upon Tyne 031C,E01008444,1597,100,79,4.9,94,5.9,63,3.9,52,3.3,81,5.1,95,5.9,66,4.1,100,6.3,104,6.5,76,4.8,79,4.9,113,7.1,117,7.3,100,6.3,145,9.1,102,6.4,67,4.2,64,4
Newcastle upon Tyne 031D,E01008445,2102,100,107,5.1,98,4.7,142,6.8,124,5.9,116,5.5,133,6.3,127,6,149,7.1,123,5.9,122,5.8,149,7.1,169,8,127,6,106,5,109,5.2,67,3.2,54,2.6,80,3.8
Newcastle upon Tyne 031E,E01008446,1351,100,39,2.9,52,3.8,46,3.4,44,3.3,60,4.4,58,4.3,52,3.8,58,4.3,61,4.5,70,5.2,68,5,128,9.5,105,7.8,120,8.9,133,9.8,107,7.9,90,6.7,60,4.4
Newcastle upon Tyne 031F,E01008447,1300,100,45,3.5,56,4.3,51,3.9,49,3.8,50,3.8,62,4.8,56,4.3,48,3.7,56,4.3,59,4.5,72,5.5,104,8,97,7.5,95,7.3,107,8.2,109,8.4,92,7.1,92,7.1
Newcastle upon Tyne 031G,E01008448,1372,100,46,3.4,63,4.6,56,4.1,41,3,52,3.8,47,3.4,54,3.9,62,4.5,76,5.5,71,5.2,78,5.7,102,7.4,145,10.6,114,8.3,169,12.3,104,7.6,49,3.6,43,3.1
Newcastle upon Tyne 032A,E01008306,2360,100,133,5.6,116,4.9,117,5,101,4.3,94,4,194,8.2,188,8,146,6.2,148,6.3,135,5.7,145,6.1,154,6.5,145,6.1,137,5.8,149,6.3,131,5.6,64,2.7,63,2.7
Newcastle upon Tyne 032B,E01008307,1352,100,78,5.8,58,4.3,64,4.7,46,3.4,69,5.1,133,9.8,128,9.5,92,6.8,78,5.8,83,6.1,89,6.6,83,6.1,78,5.8,45,3.3,73,5.4,41,3,44,3.3,70,5.2
Newcastle upon Tyne 032C,E01035613,1425,100,98,6.9,98,6.9,54,3.8,72,5.1,80,5.6,123,8.6,159,11.2,78,5.5,109,7.6,99,6.9,101,7.1,102,7.2,54,3.8,53,3.7,50,3.5,37,2.6,25,1.8,33,2.3
Newcastle upon Tyne 032D,E01035614,1761,100,207,11.8,203,11.5,135,7.7,63,3.6,59,3.4,142,8.1,189,10.7,234,13.3,176,10,109,6.2,68,3.9,61,3.5,52,3,35,2,13,0.7,8,0.5,3,0.2,4,0.2
Newcastle upon Tyne 032E,E01035615,1541,100,172,11.2,166,10.8,106,6.9,61,4,55,3.6,150,9.7,211,13.7,188,12.2,166,10.8,92,6,57,3.7,43,2.8,36,2.3,10,0.6,15,1,4,0.3,4,0.3,5,0.3
Newcastle upon Tyne 032F,E01035616,1492,100,172,11.5,159,10.7,90,6,46,3.1,57,3.8,141,9.5,187,12.5,235,15.8,148,9.9,80,5.4,59,4,34,2.3,24,1.6,24,1.6,10,0.7,2,0.1,7,0.5,17,1.1
Newcastle upon Tyne 033A,E01008311,2221,100,112,5,174,7.8,179,8.1,136,6.1,76,3.4,95,4.3,127,5.7,155,7,182,8.2,195,8.8,158,7.1,169,7.6,129,5.8,129,5.8,96,4.3,47,2.1,31,1.4,31,1.4
Newcastle upon Tyne 033B,E01008312,1163,100,69,5.9,64,5.5,60,5.2,74,6.4,53,4.6,62,5.3,77,6.6,83,7.1,82,7.1,64,5.5,78,6.7,89,7.7,85,7.3,72,6.2,80,6.9,36,3.1,21,1.8,14,1.2
Newcastle upon Tyne 033C,E01008313,1184,100,42,3.5,68,5.7,73,6.2,70,5.9,58,4.9,73,6.2,85,7.2,74,6.2,84,7.1,84,7.1,69,5.8,80,6.8,82,6.9,90,7.6,79,6.7,41,3.5,17,1.4,15,1.3
Newcastle upon Tyne 033D,E01008294,1358,100,41,3,66,4.9,79,5.8,59,4.3,51,3.8,97,7.1,107,7.9,72,5.3,79,5.8,83,6.1,75,5.5,95,7,123,9.1,121,8.9,91,6.7,51,3.8,31,2.3,37,2.7
Newcastle upon Tyne 034A,E01008412,1522,100,55,3.6,56,3.7,48,3.2,60,3.9,439,28.8,231,15.2,144,9.5,99,6.5,76,5,64,4.2,46,3,47,3.1,42,2.8,52,3.4,32,2.1,17,1.1,6,0.4,8,0.5
Newcastle upon Tyne 034B,E01008410,2521,100,34,1.3,40,1.6,46,1.8,643,25.5,933,37,166,6.6,92,3.6,72,2.9,47,1.9,50,2,66,2.6,60,2.4,74,2.9,53,2.1,61,2.4,43,1.7,27,1.1,14,0.6
Newcastle upon Tyne 034C,E01008413,1365,100,41,3,35,2.6,30,2.2,61,4.5,486,35.6,202,14.8,117,8.6,62,4.5,58,4.2,50,3.7,66,4.8,39,2.9,48,3.5,27,2,19,1.4,4,0.3,11,0.8,9,0.7
Newcastle upon Tyne 034D,E01008407,3264,100,36,1.1,30,0.9,34,1,1003,30.7,1342,41.1,228,7,127,3.9,79,2.4,59,1.8,70,2.1,39,1.2,52,1.6,45,1.4,36,1.1,41,1.3,25,0.8,11,0.3,7,0.2
Newcastle upon Tyne 035A,E01008392,1820,100,106,5.8,72,4,75,4.1,68,3.7,129,7.1,222,12.2,171,9.4,139,7.6,153,8.4,104,5.7,103,5.7,109,6,93,5.1,91,5,49,2.7,51,2.8,66,3.6,19,1
Newcastle upon Tyne 035B,E01008432,1434,100,65,4.5,66,4.6,56,3.9,65,4.5,82,5.7,110,7.7,97,6.8,77,5.4,76,5.3,64,4.5,146,10.2,119,8.3,95,6.6,91,6.3,86,6,53,3.7,59,4.1,27,1.9
Newcastle upon Tyne 035C,E01008391,1623,100,123,7.6,195,12,118,7.3,109,6.7,117,7.2,137,8.4,128,7.9,101,6.2,71,4.4,85,5.2,95,5.9,99,6.1,71,4.4,59,3.6,47,2.9,33,2,23,1.4,12,0.7
Newcastle upon Tyne 035D,E01008302,1628,100,103,6.3,117,7.2,89,5.5,66,4.1,118,7.2,114,7,156,9.6,112,6.9,87,5.3,78,4.8,91,5.6,106,6.5,77,4.7,73,4.5,62,3.8,66,4.1,57,3.5,56,3.4
Newcastle upon Tyne 036A,E01035617,3573,100,55,1.5,53,1.5,56,1.6,1442,40.4,743,20.8,226,6.3,167,4.7,94,2.6,74,2.1,75,2.1,85,2.4,106,3,90,2.5,86,2.4,72,2,42,1.2,53,1.5,54,1.5
Newcastle upon Tyne 036B,E01008397,2800,100,10,0.4,10,0.4,15,0.5,610,21.8,1406,50.2,318,11.4,141,5,63,2.2,33,1.2,38,1.4,39,1.4,36,1.3,39,1.4,15,0.5,12,0.4,4,0.1,4,0.1,7,0.2
Newcastle upon Tyne 036C,E01033543,1820,100,12,0.7,8,0.4,4,0.2,311,17.1,746,41,296,16.3,160,8.8,82,4.5,41,2.3,77,4.2,28,1.5,18,1,15,0.8,12,0.7,3,0.2,3,0.2,2,0.1,2,0.1
Newcastle upon Tyne 036D,E01033545,2061,100,38,1.8,11,0.5,12,0.6,120,5.8,636,30.9,458,22.2,286,13.9,221,10.7,68,3.3,54,2.6,39,1.9,45,2.2,26,1.3,18,0.9,14,0.7,8,0.4,1,0,6,0.3
Newcastle upon Tyne 037A,E01008406,3962,100,42,1.1,47,1.2,52,1.3,1347,34,1428,36,283,7.1,108,2.7,86,2.2,76,1.9,92,2.3,60,1.5,98,2.5,77,1.9,51,1.3,39,1,33,0.8,20,0.5,23,0.6
Newcastle upon Tyne 037B,E01033553,2986,100,15,0.5,10,0.3,6,0.2,939,31.4,1264,42.3,292,9.8,144,4.8,85,2.8,59,2,31,1,39,1.3,35,1.2,22,0.7,20,0.7,15,0.5,3,0.1,3,0.1,4,0.1
Newcastle upon Tyne 037C,E01033548,1470,100,37,2.5,34,2.3,29,2,129,8.8,300,20.4,232,15.8,122,8.3,88,6,75,5.1,80,5.4,70,4.8,75,5.1,64,4.4,47,3.2,37,2.5,24,1.6,17,1.2,10,0.7
Newcastle upon Tyne 038A,E01008334,2300,100,219,9.5,214,9.3,166,7.2,179,7.8,140,6.1,186,8.1,165,7.2,243,10.6,155,6.7,161,7,111,4.8,78,3.4,81,3.5,60,2.6,65,2.8,26,1.1,24,1,27,1.2
Newcastle upon Tyne 038B,E01035618,1591,100,212,13.3,199,12.5,208,13.1,86,5.4,110,6.9,95,6,128,8,142,8.9,127,8,96,6,57,3.6,35,2.2,56,3.5,12,0.8,14,0.9,8,0.5,3,0.2,3,0.2
Newcastle upon Tyne 038C,E01035619,1634,100,219,13.4,167,10.2,172,10.5,89,5.4,92,5.6,111,6.8,141,8.6,121,7.4,120,7.3,74,4.5,59,3.6,54,3.3,88,5.4,41,2.5,39,2.4,19,1.2,16,1,12,0.7
Newcastle upon Tyne 038D,E01008335,2130,100,150,7,190,8.9,192,9,173,8.1,192,9,143,6.7,138,6.5,164,7.7,198,9.3,157,7.4,157,7.4,78,3.7,54,2.5,48,2.3,36,1.7,25,1.2,15,0.7,20,0.9
Newcastle upon Tyne 038E,E01008333,1956,100,139,7.1,180,9.2,161,8.2,154,7.9,143,7.3,133,6.8,146,7.5,177,9,147,7.5,112,5.7,101,5.2,83,4.2,73,3.7,62,3.2,53,2.7,32,1.6,26,1.3,34,1.7
Newcastle upon Tyne 039A,E01008399,2042,100,126,6.2,139,6.8,164,8,152,7.4,198,9.7,159,7.8,117,5.7,151,7.4,133,6.5,171,8.4,123,6,95,4.7,76,3.7,88,4.3,60,2.9,35,1.7,29,1.4,26,1.3
Newcastle upon Tyne 039B,E01035620,1739,100,9,0.5,5,0.3,2,0.1,455,26.2,750,43.1,243,14,101,5.8,55,3.2,26,1.5,16,0.9,15,0.9,25,1.4,10,0.6,19,1.1,5,0.3,2,0.1,1,0.1,0,0
Newcastle upon Tyne 039C,E01035621,1998,100,38,1.9,26,1.3,12,0.6,623,31.2,567,28.4,201,10.1,116,5.8,87,4.4,63,3.2,41,2.1,53,2.7,46,2.3,26,1.3,51,2.6,12,0.6,15,0.8,6,0.3,15,0.8
Newcastle upon Tyne 039D,E01008439,1751,100,111,6.3,107,6.1,124,7.1,108,6.2,112,6.4,111,6.3,142,8.1,141,8.1,141,8.1,119,6.8,151,8.6,116,6.6,82,4.7,70,4,52,3,29,1.7,20,1.1,15,0.9
Newcastle upon Tyne 040A,E01035622,1209,100,76,6.3,58,4.8,82,6.8,62,5.1,70,5.8,91,7.5,103,8.5,75,6.2,79,6.5,58,4.8,132,10.9,138,11.4,55,4.5,39,3.2,46,3.8,26,2.2,15,1.2,4,0.3
Newcastle upon Tyne 040B,E01035623,1185,100,65,5.5,57,4.8,73,6.2,74,6.2,115,9.7,147,12.4,109,9.2,98,8.3,78,6.6,62,5.2,79,6.7,57,4.8,64,5.4,56,4.7,23,1.9,14,1.2,11,0.9,3,0.3
Newcastle upon Tyne 040C,E01008305,2435,100,179,7.4,194,8,230,9.4,167,6.9,190,7.8,186,7.6,195,8,151,6.2,153,6.3,136,5.6,116,4.8,131,5.4,96,3.9,82,3.4,96,3.9,50,2.1,48,2,35,1.4
Newcastle upon Tyne 040D,E01008301,1624,100,70,4.3,46,2.8,56,3.4,63,3.9,130,8,230,14.2,190,11.7,112,6.9,97,6,118,7.3,121,7.5,108,6.7,89,5.5,80,4.9,46,2.8,27,1.7,20,1.2,21,1.3
Newcastle upon Tyne 041A,E01008331,1894,100,151,8,148,7.8,173,9.1,119,6.3,212,11.2,161,8.5,149,7.9,145,7.7,178,9.4,124,6.5,101,5.3,67,3.5,70,3.7,39,2.1,28,1.5,15,0.8,7,0.4,7,0.4
Newcastle upon Tyne 041B,E01008438,1927,100,110,5.7,98,5.1,92,4.8,123,6.4,132,6.9,100,5.2,134,7,136,7.1,147,7.6,162,8.4,180,9.3,147,7.6,131,6.8,95,4.9,63,3.3,35,1.8,21,1.1,21,1.1
Newcastle upon Tyne 041C,E01008437,1717,100,118,6.9,195,11.4,175,10.2,99,5.8,77,4.5,77,4.5,162,9.4,150,8.7,110,6.4,101,5.9,86,5,96,5.6,78,4.5,47,2.7,47,2.7,21,1.2,27,1.6,51,3
